timestamp,demand_kw
2024-01-01 00:00:00,185.3
2024-01-01 01:00:00,172.1
2024-01-01 02:00:00,165.8
2024-01-01 03:00:00,160.2
2024-01-01 04:00:00,158.9
2024-01-01 05:00:00,162.4
2024-01-01 06:00:00,198.7
2024-01-01 07:00:00,312.5
2024-01-01 08:00:00,445.2
2024-01-01 09:00:00,512.8
2024-01-01 10:00:00,548.3
2024-01-01 11:00:00,561.9
2024-01-01 12:00:00,558.4
2024-01-01 13:00:00,542.1
2024-01-01 14:00:00,535.6
2024-01-01 15:00:00,528.3
2024-01-01 16:00:00,521.7
2024-01-01 17:00:00,538.2
2024-01-01 18:00:00,572.4
2024-01-01 19:00:00,589.1
2024-01-01 20:00:00,581.3
2024-01-01 21:00:00,562.8
2024-01-01 22:00:00,498.5
2024-01-01 23:00:00,321.4
2024-01-02 00:00:00,188.1
2024-01-02 01:00:00,174.5
2024-01-02 02:00:00,167.3
2024-01-02 03:00:00,161.8
2024-01-02 04:00:00,159.4
2024-01-02 05:00:00,164.2
2024-01-02 06:00:00,201.3
2024-01-02 07:00:00,318.9
2024-01-02 08:00:00,451.7
2024-01-02 09:00:00,518.4
2024-01-02 10:00:00,554.1
2024-01-02 11:00:00,567.8
2024-01-02 12:00:00,564.2
2024-01-02 13:00:00,547.8
2024-01-02 14:00:00,541.3
2024-01-02 15:00:00,534.2
2024-01-02 16:00:00,527.4
2024-01-02 17:00:00,543.8
2024-01-02 18:00:00,578.1
2024-01-02 19:00:00,594.7
2024-01-02 20:00:00,586.9
2024-01-02 21:00:00,568.3
2024-01-02 22:00:00,503.1
2024-01-02 23:00:00,326.8
2024-01-03 00:00:00,182.4
2024-01-03 01:00:00,170.2
2024-01-03 02:00:00,163.5
2024-01-03 03:00:00,158.1
2024-01-03 04:00:00,156.7
2024-01-03 05:00:00,161.0
2024-01-03 06:00:00,196.5
2024-01-03 07:00:00,148.3
2024-01-03 08:00:00,152.1
2024-01-03 09:00:00,165.4
2024-01-03 10:00:00,178.9
2024-01-03 11:00:00,182.3
2024-01-03 12:00:00,179.8
2024-01-03 13:00:00,175.2
2024-01-03 14:00:00,172.6
2024-01-03 15:00:00,169.4
2024-01-03 16:00:00,167.8
2024-01-03 17:00:00,171.3
2024-01-03 18:00:00,198.4
2024-01-03 19:00:00,210.7
2024-01-03 20:00:00,204.5
2024-01-03 21:00:00,192.3
2024-01-03 22:00:00,178.1
2024-01-03 23:00:00,195.6
2024-01-04 00:00:00,186.9
2024-01-04 01:00:00,173.4
2024-01-04 02:00:00,166.1
2024-01-04 03:00:00,160.7
2024-01-04 04:00:00,159.1
2024-01-04 05:00:00,163.5
2024-01-04 06:00:00,199.8
2024-01-04 07:00:00,314.2
2024-01-04 08:00:00,447.9
2024-01-04 09:00:00,515.1
2024-01-04 10:00:00,550.7
2024-01-04 11:00:00,564.3
2024-01-04 12:00:00,560.8
2024-01-04 13:00:00,544.5
2024-01-04 14:00:00,537.9
2024-01-04 15:00:00,531.0
2024-01-04 16:00:00,524.3
2024-01-04 17:00:00,540.7
2024-01-04 18:00:00,575.0
2024-01-04 19:00:00,591.6
2024-01-04 20:00:00,583.8
2024-01-04 21:00:00,565.2
2024-01-04 22:00:00,500.8
2024-01-04 23:00:00,323.7
2024-01-05 00:00:00,184.2
2024-01-05 01:00:00,171.3
2024-01-05 02:00:00,164.7
2024-01-05 03:00:00,159.3
2024-01-05 04:00:00,157.9
2024-01-05 05:00:00,162.2
2024-01-05 06:00:00,197.9
2024-01-05 07:00:00,316.3
2024-01-05 08:00:00,449.5
2024-01-05 09:00:00,516.7
2024-01-05 10:00:00,552.3
2024-01-05 11:00:00,565.9
2024-01-05 12:00:00,562.4
2024-01-05 13:00:00,546.1
2024-01-05 14:00:00,539.6
2024-01-05 15:00:00,532.7
2024-01-05 16:00:00,526.1
2024-01-05 17:00:00,542.4
2024-01-05 18:00:00,576.7
2024-01-05 19:00:00,593.3
2024-01-05 20:00:00,585.5
2024-01-05 21:00:00,567.0
2024-01-05 22:00:00,502.2
2024-01-05 23:00:00,325.1
2024-01-06 00:00:00,183.0
2024-01-06 01:00:00,170.1
2024-01-06 02:00:00,163.4
2024-01-06 03:00:00,158.0
2024-01-06 04:00:00,156.6
2024-01-06 05:00:00,160.9
2024-01-06 06:00:00,196.4
2024-01-06 07:00:00,147.2
2024-01-06 08:00:00,150.9
2024-01-06 09:00:00,164.3
2024-01-06 10:00:00,177.8
2024-01-06 11:00:00,181.2
2024-01-06 12:00:00,178.7
2024-01-06 13:00:00,174.1
2024-01-06 14:00:00,171.5
2024-01-06 15:00:00,168.3
2024-01-06 16:00:00,166.7
2024-01-06 17:00:00,170.2
2024-01-06 18:00:00,197.3
2024-01-06 19:00:00,209.6
2024-01-06 20:00:00,203.4
2024-01-06 21:00:00,191.2
2024-01-06 22:00:00,177.0
2024-01-06 23:00:00,194.5
2024-01-07 00:00:00,181.5
2024-01-07 01:00:00,168.9
2024-01-07 02:00:00,162.2
2024-01-07 03:00:00,156.8
2024-01-07 04:00:00,155.4
2024-01-07 05:00:00,159.7
2024-01-07 06:00:00,194.8
2024-01-07 07:00:00,145.9
2024-01-07 08:00:00,149.6
2024-01-07 09:00:00,163.0
2024-01-07 10:00:00,176.5
2024-01-07 11:00:00,179.9
2024-01-07 12:00:00,177.4
2024-01-07 13:00:00,172.8
2024-01-07 14:00:00,170.2
2024-01-07 15:00:00,167.0
2024-01-07 16:00:00,165.4
2024-01-07 17:00:00,168.9
2024-01-07 18:00:00,196.0
2024-01-07 19:00:00,208.3
2024-01-07 20:00:00,202.1
2024-01-07 21:00:00,190.0
2024-01-07 22:00:00,175.8
2024-01-07 23:00:00,193.2
